_id,step,type,amount,nameOrig,newbalanceOrig,nameDest,newbalanceDest,oldbalanceOrg,oldbalanceDest,predictionResult
66910e0ae44630bf9f92c6bd,1,PAYMENT,9839.64,C1231006815,160296.36,M1979787155,0,170136,0,White List
66910e0fe44630bf9f92c6be,1,PAYMENT,1864.28,C1666544295,19384.72,M2044282225,0,21249,0,White List
66910e14e44630bf9f92c6bf,1,TRANSFER,181,C1305486145,0,C553264065,0,181,0,White List
66910e19e44630bf9f92c6c0,1,CASH_OUT,181,C840083671,0,C38997010,0,181,21182,White List
66910e1ee44630bf9f92c6c1,1,PAYMENT,11668.14,C2048537720,29885.86,M1230701703,0,41554,0,White List
66910e23e44630bf9f92c6c2,1,PAYMENT,7817.71,C90045638,46042.29,M573487274,0,53860,0,White List
66910e28e44630bf9f92c6c3,1,PAYMENT,7107.77,C154988899,176087.23,M408069119,0,183195,0,White List
66910e2de44630bf9f92c6c4,1,PAYMENT,7861.64,C1912850431,168225.59,M633326333,0,176087.23,0,White List
66910e32e44630bf9f92c6c5,1,PAYMENT,4024.36,C1265012928,0,M1176932104,0,2671,0,White List
66910e37e44630bf9f92c6c6,1,DEBIT,5337.77,C712410124,36382.23,C195600860,40348.79,41720,41898,White List
66910e3ce44630bf9f92c6c7,1,DEBIT,9644.94,C1900366749,0,C997608398,157982.12,4465,10845,White List
66910e41e44630bf9f92c6c8,1,PAYMENT,3099.97,C249177573,17671.03,M2096539129,0,20771,0,White List
66910e46e44630bf9f92c6c9,1,PAYMENT,2560.74,C1648232591,2509.26,M972865270,0,5070,0,White List
66910e4be44630bf9f92c6ca,1,PAYMENT,11633.76,C1716932897,0,M801569151,0,10127,0,White List
66910e50e44630bf9f92c6cb,1,PAYMENT,4098.78,C1026483832,499165.22,M1635378213,0,503264,0,White List
66910e55e44630bf9f92c6cc,1,CASH_OUT,229133.94,C905080434,0,C476402209,51513.44,15325,5083,White List
66910e5ae44630bf9f92c6cd,1,PAYMENT,1563.82,C761750706,0,M1731217984,0,450,0,White List
66910e5fe44630bf9f92c6ce,1,PAYMENT,1157.86,C1237762639,19998.14,M1877062907,0,21156,0,White List
66910e64e44630bf9f92c6cf,1,PAYMENT,671.64,C2033524545,14451.36,M473053293,0,15123,0,White List
66910e69e44630bf9f92c6d0,1,TRANSFER,215310.3,C1670993182,0,C1100439041,0,705,22425,White List
66910e6ee44630bf9f92c6d1,1,PAYMENT,1373.43,C20804602,12480.57,M1344519051,0,13854,0,White List
66910e73e44630bf9f92c6d2,1,DEBIT,9302.79,C1566511282,1996.21,C1973538135,16896.7,11299,29832,White List
66910e78e44630bf9f92c6d3,1,DEBIT,1065.41,C1959239586,751.59,C515132998,0,1817,10330,White List
66910e7de44630bf9f92c6d4,1,PAYMENT,3876.41,C504336483,63975.59,M1404932042,0,67852,0,White List
66910e82e44630bf9f92c6d5,1,TRANSFER,311685.89,C1984094095,0,C932583850,2719172.89,10835,6267,White List
66910e87e44630bf9f92c6d6,1,PAYMENT,6061.13,C1043358826,0,M1558079303,0,443,0,White List
66910e8ce44630bf9f92c6d7,1,PAYMENT,9478.39,C1671590089,107015.61,M58488213,0,116494,0,White List
66910e91e44630bf9f92c6d8,1,PAYMENT,8009.09,C1053967012,2958.91,M295304806,0,10968,0,White List
66910e96e44630bf9f92c6d9,1,PAYMENT,8901.99,C1632497828,0,M33419717,0,2958.91,0,White List
66910e9be44630bf9f92c6da,1,PAYMENT,9920.52,C764826684,0,M1940055334,0,0,0,White List
66910ea0e44630bf9f92c6db,1,PAYMENT,3448.92,C2103763750,0,M335107734,0,0,0,White List
66910ea5e44630bf9f92c6dc,1,PAYMENT,4206.84,C215078753,0,M1757317128,0,0,0,White List
66910eaae44630bf9f92c6dd,1,PAYMENT,5885.56,C840514538,0,M1804441305,0,0,0,White List
66910eafe44630bf9f92c6de,1,PAYMENT,5307.88,C1768242710,0,M1971783162,0,0,0,White List
66910eb4e44630bf9f92c6df,1,PAYMENT,5031.22,C247113419,0,M151442075,0,0,0,White List
66910eb9e44630bf9f92c6e0,1,PAYMENT,24213.67,C1238616099,0,M70695990,0,0,0,White List
66910ebee44630bf9f92c6e1,1,PAYMENT,8603.42,C1608633989,0,M1615617512,0,253,0,White List
66910ec3e44630bf9f92c6e2,1,PAYMENT,2791.42,C923341586,297689.58,M107994825,0,300481,0,White List
66910ec8e44630bf9f92c6e3,1,PAYMENT,7413.54,C1470868839,290276.03,M1426725223,0,297689.58,0,White List
66910ecde44630bf9f92c6e4,1,PAYMENT,3295.19,C711197015,230337.81,M1384454980,0,233633,0,White List
66910ed2e44630bf9f92c6e5,1,PAYMENT,1684.81,C1481594086,0,M1569435561,0,297,0,White List
66910ed7e44630bf9f92c6e6,1,DEBIT,5758.59,C1466917878,26845.41,C1297685781,16997.22,32604,209699,White List
66910edce44630bf9f92c6e7,1,CASH_OUT,110414.71,C768216420,0,C1509514333,2415.16,26845.41,288800,White List
66910ee1e44630bf9f92c6e8,1,PAYMENT,7823.46,C260084831,0,M267814113,0,998,0,White List
66910ee6e44630bf9f92c6e9,1,PAYMENT,5086.48,C598357562,0,M1593224710,0,0,0,White List
66910eebe44630bf9f92c6ea,1,PAYMENT,5281.48,C1440738283,146737.52,M1849015357,0,152019,0,White List
66910ef0e44630bf9f92c6eb,1,PAYMENT,13875.98,C484199463,1942.02,M2008106788,0,15818,0,White List
66910ef5e44630bf9f92c6ec,1,CASH_OUT,56953.9,C1570470538,0,C824009085,64106.18,1942.02,70253,White List
66910efae44630bf9f92c6ed,1,CASH_OUT,5346.89,C512549200,0,C248609774,6453430.91,0,652637,White List
66910effe44630bf9f92c6ee,1,PAYMENT,2204.04,C1615801298,0,M490391704,0,586,0,White List
66910f04e44630bf9f92c6ef,1,PAYMENT,2641.47,C460570271,20411.53,M1653361344,0,23053,0,White List
66910f09e44630bf9f92c6f0,1,CASH_OUT,23261.3,C2072313080,0,C2001112025,0,20411.53,25742,White List
66910f0ee44630bf9f92c6f1,1,PAYMENT,2330.64,C816944408,201212.36,M909132503,0,203543,0,White List
66910f13e44630bf9f92c6f2,1,PAYMENT,1614.64,C912966811,39661.36,M1792384402,0,41276,0,White List
66910f18e44630bf9f92c6f3,1,PAYMENT,9164.71,C1458621573,38071.06,M1658980982,0,47235.77,0,White List
66910f1de44630bf9f92c6f4,1,PAYMENT,2970.97,C46941357,35100.09,M1152606315,0,38071.06,0,White List
66910f22e44630bf9f92c6f5,1,PAYMENT,38.66,C343345308,16135.34,M1714688478,0,16174,0,White List
66910f27e44630bf9f92c6f6,1,PAYMENT,2252.44,C104716441,0,M1506951181,0,1627,0,White List
66910f2ce44630bf9f92c6f7,1,TRANSFER,62610.8,C1976401987,16503.2,C1937962514,8383.29,79114,517,White List
66910f31e44630bf9f92c6f8,1,DEBIT,5529.13,C867288517,3017.87,C242131142,0,8547,10206,White List
66910f36e44630bf9f92c6f9,1,CASH_OUT,82940.31,C1528834618,0,C476800120,49864.36,3017.87,132372,White List
66910f3be44630bf9f92c6fa,1,DEBIT,4510.22,C280615803,5745.78,C1254526270,0,10256,10697,White List
66910f40e44630bf9f92c6fb,1,DEBIT,8727.74,C166694583,874042.26,C1129670968,0,882770,12636,White List
66910f45e44630bf9f92c6fc,1,PAYMENT,2599.46,C885910946,871442.79,M1860591867,0,874042.26,0,White List
66910f4ae44630bf9f92c6fd,1,DEBIT,4874.49,C811207775,0,C1971489295,0,153,253104,White List
66910f4fe44630bf9f92c6fe,1,PAYMENT,6440.78,C1161148117,0,M516875052,0,2192,0,White List
66910f54e44630bf9f92c6ff,1,PAYMENT,4910.14,C1131592118,36640.86,M589987187,0,41551,0,White List
66910f59e44630bf9f92c700,1,PAYMENT,6444.64,C1262609629,5574.36,M587180314,0,12019,0,White List
66910f5ee44630bf9f92c701,1,DEBIT,5149.66,C1955990522,0,C1330106945,24044.18,4782,52752,White List
66910f63e44630bf9f92c702,1,PAYMENT,7292.16,C69673470,209534.84,M1082411691,0,216827,0,White List
66910f68e44630bf9f92c703,1,CASH_OUT,47458.86,C527211736,162075.98,C2096057945,0,209534.84,52120,White List
66910f6de44630bf9f92c704,1,CASH_OUT,136872.92,C1533123860,25203.05,C766572210,0,162075.98,217806,White List
66910f72e44630bf9f92c705,1,CASH_OUT,94253.33,C1718906711,0,C977993101,965870.05,25203.05,99773,White List
66910f77e44630bf9f92c706,1,PAYMENT,2998.04,C71802912,9031.96,M2134271532,0,12030,0,White List
66910f7ce44630bf9f92c707,1,PAYMENT,3454.08,C686349795,5577.88,M1831010686,0,9031.96,0,White List
66910f81e44630bf9f92c708,1,PAYMENT,4316.2,C1423768154,6682.8,M404222443,0,10999,0,White List
66910f86e44630bf9f92c709,1,PAYMENT,2131.84,C1987977423,0,M61073295,0,224,0,White List
66910f8be44630bf9f92c70a,1,PAYMENT,12986.61,C807322507,10363.39,M396485834,0,23350,0,White List
66910f90e44630bf9f92c70b,1,TRANSFER,42712.39,C283039401,0,C1330106945,24044.18,10363.39,57901.66,White List
66910f95e44630bf9f92c70c,1,TRANSFER,77957.68,C207471778,0,C1761291320,22233.65,0,94900,White List
66910f9ae44630bf9f92c70d,1,TRANSFER,17231.46,C1243171897,0,C783286238,0,0,24672,White List
66910f9fe44630bf9f92c70e,1,TRANSFER,78766.03,C1376151044,0,C1749186397,277515.05,0,103772,White List
66910fa4e44630bf9f92c70f,1,TRANSFER,224606.64,C873175411,0,C766572210,0,0,354678.92,White List
66910fa9e44630bf9f92c710,1,TRANSFER,125872.53,C1443967876,0,C392292416,3420103.09,0,348512,White List
66910faee44630bf9f92c711,1,TRANSFER,379856.23,C1449772539,0,C1590550415,19169204.93,0,900180,White List
66910fb3e44630bf9f92c712,1,TRANSFER,1505626.01,C926859124,0,C665576141,5515763.34,0,29031,White List
66910fb8e44630bf9f92c713,1,TRANSFER,554026.99,C1603696865,0,C766572210,0,0,579285.56,White List
66910fbde44630bf9f92c714,1,TRANSFER,147543.1,C12905860,0,C1359044626,16518.36,0,223220,White List
66910fc2e44630bf9f92c715,1,TRANSFER,761507.39,C412788346,0,C1590550415,19169204.93,0,1280036.23,White List
66910fc7e44630bf9f92c716,1,TRANSFER,1429051.47,C1520267010,0,C1590550415,19169204.93,0,2041543.62,White List
66910fcce44630bf9f92c717,1,TRANSFER,358831.92,C908084672,0,C392292416,3420103.09,0,474384.53,White List
66910fd1e44630bf9f92c718,1,TRANSFER,367768.4,C288306765,0,C1359044626,16518.36,0,370763.1,White List
66910fd6e44630bf9f92c719,1,TRANSFER,209711.11,C1556867940,0,C1509514333,2415.16,0,399214.71,White List
66910fdbe44630bf9f92c71a,1,TRANSFER,583848.46,C1839168128,0,C1286084959,2107778.11,0,667778,White List
66910fe0e44630bf9f92c71b,1,TRANSFER,1724887.05,C1495608502,0,C1590550415,19169204.93,0,3470595.1,White List
66910fe5e44630bf9f92c71c,1,TRANSFER,710544.77,C835773569,0,C1359044626,16518.36,0,738531.5,White List
66910feae44630bf9f92c71d,1,TRANSFER,581294.26,C843299092,0,C1590550415,19169204.93,0,5195482.15,White List
66910fefe44630bf9f92c71e,1,TRANSFER,11996.58,C605982374,0,C1225616405,0,0,40255,White List
66910ff4e44630bf9f92c71f,1,PAYMENT,2875.1,C1412322831,12567.9,M1651262695,0,15443,0,White List
66910ff9e44630bf9f92c720,1,PAYMENT,8586.98,C1305004711,0,M494077446,0,3763,0,White List
66910ffee44630bf9f92c721,1,PAYMENT,871.75,C1003206025,18997.25,M989889899,0,19869,0,White List
66911003e44630bf9f92c722,1,PAYMENT,1035.36,C806813022,70600.64,M902860396,0,71636,0,White List
66911008e44630bf9f92c723,1,PAYMENT,1063.53,C1406206626,82020.47,M1816522350,0,83084,0,White List
6691100de44630bf9f92c724,1,PAYMENT,1019.9,C1799230133,203217.1,M1521238608,0,204237,0,White List
66911012e44630bf9f92c725,1,PAYMENT,4059.38,C20156341,22244.62,M1111897955,0,26304,0,White List
66911017e44630bf9f92c726,1,PAYMENT,1876.44,C1509309988,0,M1643141512,0,182,0,White List
6691101ce44630bf9f92c727,1,CASH_OUT,28404.6,C2091072548,0,C1282788025,0,0,51744,White List
66911021e44630bf9f92c728,1,CASH_OUT,75405.1,C263053820,0,C1870252780,46462.23,0,104209,White List
66911026e44630bf9f92c729,1,CASH_OUT,50101.88,C1740826931,0,C97730845,9940339.29,0,67684,White List
6691102be44630bf9f92c72a,1,CASH_OUT,14121.82,C69062746,0,C100555887,10963.66,0,52679,White List
66911030e44630bf9f92c72b,1,CASH_OUT,78292.91,C1631227617,0,C1983747920,95508.95,0,121112,White List
66911035e44630bf9f92c72c,1,CASH_OUT,176149.9,C24650043,0,C736709391,46820.71,0,259813,White List
6691103ae44630bf9f92c72d,1,CASH_OUT,212228.35,C1896074070,0,C401424608,1178808.14,0,429747,White List
6691103fe44630bf9f92c72e,1,CASH_OUT,85423.63,C460741164,0,C1590550415,19169204.93,0,5776776.41,White List
66911044e44630bf9f92c72f,1,CASH_OUT,11648.5,C781091365,0,C985934102,971418.91,0,260976,White List
66911049e44630bf9f92c730,1,PAYMENT,6165.58,C1858015030,14759.42,M25764044,0,20925,0,White List
6691104ee44630bf9f92c731,1,PAYMENT,3705.83,C671596011,38197.63,M1925352804,0,41903.46,0,White List
66911053e44630bf9f92c732,1,CASH_OUT,419801.4,C1687354037,0,C33524623,1517262.16,38197.63,499962,White List
66911058e44630bf9f92c733,1,CASH_OUT,335416.51,C743778731,0,C575335780,52415.15,144478,295,White List
6691105de44630bf9f92c734,1,PAYMENT,3372.29,C967323951,38025.71,M1600594643,0,41398,0,White List
66911062e44630bf9f92c735,1,PAYMENT,661.43,C743648472,13416.57,M692998280,0,14078,0,White List
66911067e44630bf9f92c736,1,DEBIT,864.68,C1368862151,68971.32,C20671747,43691.09,69836,12040,White List
6691106ce44630bf9f92c737,1,PAYMENT,1203.44,C922807452,28737.56,M33563464,0,29941,0,White List
66911071e44630bf9f92c738,1,TRANSFER,330757.04,C1494346128,0,C564160838,1254956.07,103657,79676,White List
66911076e44630bf9f92c739,1,PAYMENT,1915.43,C822087264,9534.57,M30699728,0,11450,0,White List
6691107be44630bf9f92c73a,1,PAYMENT,8.73,C38603201,81304.27,M1422273905,0,81313,0,White List
66911080e44630bf9f92c73b,1,DEBIT,3058.8,C1694784135,15079.2,C801197928,8917.54,18138,11054,White List
66911085e44630bf9f92c73c,1,PAYMENT,5154.97,C1207231495,4321.03,M756936249,0,9476,0,White List
6691108ae44630bf9f92c73d,1,PAYMENT,5213.25,C1221981006,31166.75,M264394929,0,36380,0,White List
6691108fe44630bf9f92c73e,1,PAYMENT,5392.75,C1878413714,45364.25,M769132147,0,50757,0,White List
66911094e44630bf9f92c73f,1,PAYMENT,25.12,C1257299717,61637.88,M1474957626,0,61663,0,White List
66911099e44630bf9f92c740,1,PAYMENT,17150.89,C181252244,44486.99,M1733022752,0,61637.88,0,White List
6691109ee44630bf9f92c741,1,TRANSFER,679502.24,C722417467,0,C451111351,3940085.21,290,171866,White List
669110a3e44630bf9f92c742,1,TRANSFER,177652.91,C753631393,0,C716157500,4894.45,23720,55,White List
669110a8e44630bf9f92c743,1,PAYMENT,5443.26,C1262869688,231553.74,M1914108708,0,236997,0,White List
669110ade44630bf9f92c744,1,PAYMENT,244.87,C544386226,257733.62,M1357700757,0,257978.49,0,White List
669110b2e44630bf9f92c745,1,PAYMENT,8281.57,C900298796,249452.05,M1889757798,0,257733.62,0,White List
669110b7e44630bf9f92c746,1,PAYMENT,1175.59,C1166106620,19333.41,M1932470703,0,20509,0,White List
669110bce44630bf9f92c747,1,PAYMENT,1097.74,C221861886,23768.26,M1713568869,0,24866,0,White List
669110c1e44630bf9f92c748,1,TRANSFER,184986.8,C697508322,0,C1688019098,97263.78,39588,52340,White List
669110c6e44630bf9f92c749,1,PAYMENT,1718.29,C603658030,116092.71,M1689924104,0,117811,0,White List
669110cbe44630bf9f92c74a,1,PAYMENT,3671.32,C361380654,96422.68,M631673932,0,100094,0,White List
669110d0e44630bf9f92c74b,1,DEBIT,3580.26,C1579132337,0,C1321640594,18910.85,2565,21185,White List
669110d5e44630bf9f92c74c,1,PAYMENT,8550.9,C1795225096,31509.1,M790094605,0,40060,0,White List
669110dae44630bf9f92c74d,1,PAYMENT,9753.55,C1048712791,51075.45,M487792155,0,60829,0,White List
669110dfe44630bf9f92c74e,1,PAYMENT,3026.98,C1909398279,28112.02,M1632670136,0,31139,0,White List
669110e4e44630bf9f92c74f,1,CASH_OUT,467177.03,C1338905451,0,C1170794006,22190.99,28112.02,975121,White List
669110e9e44630bf9f92c750,1,DEBIT,3875.99,C1252540239,255262.01,C1509514333,2415.16,259138,608925.82,White List
669110eee44630bf9f92c751,1,PAYMENT,2148.89,C1136005694,29064.11,M638486177,0,31213,0,White List
669110f3e44630bf9f92c752,1,PAYMENT,466.97,C426019904,79563.03,M314411620,0,80030,0,White List
669110f8e44630bf9f92c753,1,CASH_OUT,154139.72,C1642679791,0,C564160838,1254956.07,79563.03,410433.04,White List
669110fde44630bf9f92c754,1,CASH_OUT,82685.93,C855700733,0,C392292416,3420103.09,0,833216.44,White List
66911102e44630bf9f92c755,1,CASH_OUT,83857.23,C247162961,0,C1297685781,16997.22,0,215457.59,White List
66911107e44630bf9f92c756,1,CASH_OUT,99109.77,C1890266440,0,C1297685781,16997.22,0,299314.82,White List
6691110ce44630bf9f92c757,1,CASH_OUT,187726.67,C1527152775,0,C747464370,1567434.81,0,190573,White List
66911111e44630bf9f92c758,1,CASH_OUT,281339.92,C1863655430,0,C1509514333,2415.16,0,612801.81,White List
66911116e44630bf9f92c759,1,CASH_OUT,186447.51,C976827477,0,C1590550415,19169204.93,0,5862200.03,White List
6691111be44630bf9f92c75a,1,CASH_OUT,81029.86,C324112183,0,C288665596,8496.61,0,105343,White List
66911120e44630bf9f92c75b,1,CASH_OUT,139054.95,C2092709730,0,C1749186397,277515.05,0,182538.03,White List
66911125e44630bf9f92c75c,1,CASH_OUT,154716.2,C980364771,0,C453211571,3461666.05,0,187433,White List
6691112ae44630bf9f92c75d,1,CASH_OUT,53631.83,C1233595751,0,C757108857,0,0,83244,White List
6691112fe44630bf9f92c75e,1,CASH_OUT,289645.52,C1446001495,0,C1023714065,1412484.09,0,871442.79,White List
66911134e44630bf9f92c75f,1,CASH_OUT,267148.82,C1261044180,0,C401424608,1178808.14,0,641975.35,White List
66911139e44630bf9f92c760,1,CASH_OUT,47913.58,C141110631,0,C240650537,0,0,51304,White List
6691113ee44630bf9f92c761,1,CASH_OUT,193605.38,C2029372696,0,C1971489295,0,0,249452.05,White List
66911143e44630bf9f92c762,1,CASH_OUT,344464.4,C793293778,0,C766572210,0,0,1133312.56,White List
66911148e44630bf9f92c763,1,CASH_OUT,169409.87,C888611662,0,C401424608,1178808.14,0,909124.16,White List
6691114de44630bf9f92c764,1,CASH_OUT,25793.74,C1966355106,0,C476800120,49864.36,0,215312.31,White List
66911152e44630bf9f92c765,1,CASH_OUT,114712.48,C599782425,0,C1209271652,0,0,145400,White List
66911157e44630bf9f92c766,1,CASH_OUT,89038.75,C1233327519,0,C2083562754,1186556.81,0,189808,White List
6691115ce44630bf9f92c767,1,CASH_OUT,1341.58,C1155769010,0,C557041912,557537.26,0,80341,White List
66911161e44630bf9f92c768,1,CASH_OUT,44443.08,C269892014,0,C1590550415,19169204.93,0,6048647.54,White List
66911166e44630bf9f92c769,1,CASH_OUT,34729.64,C1280641161,0,C1435804085,96.88,0,44853,White List
6691116be44630bf9f92c76a,1,CASH_OUT,105979.34,C489411441,0,C736709391,46820.71,0,435962.9,White List
66911170e44630bf9f92c76b,1,CASH_OUT,57794.61,C1141113940,0,C240650537,0,0,99217.58,White List
66911176e44630bf9f92c76c,1,CASH_OUT,15918.79,C1711185459,0,C1854778591,0,0,24553,White List
6691117be44630bf9f92c76d,1,CASH_OUT,19162.08,C25936709,0,C885951223,215851.28,0,60169,White List
66911180e44630bf9f92c76e,1,CASH_OUT,220691.42,C1123559518,0,C1590550415,19169204.93,0,6093090.62,White List
66911185e44630bf9f92c76f,1,CASH_OUT,9536.54,C649769713,0,C1060830840,130747.56,0,49161,White List
6691118ae44630bf9f92c770,1,CASH_OUT,29784.06,C925150995,0,C920011586,0,0,63553,White List
6691118fe44630bf9f92c771,1,CASH_OUT,190445.51,C1760219993,0,C1360767589,2107965.39,0,203679,White List
66911194e44630bf9f92c772,1,CASH_OUT,57279.11,C1800649922,0,C824009085,64106.18,0,127206.9,White List
66911199e44630bf9f92c773,1,CASH_OUT,112086.81,C403547747,0,C1531333864,55974.56,0,292728,White List
6691119ee44630bf9f92c774,1,CASH_OUT,80311.89,C172215878,0,C434091818,63112.23,0,87408,White List
669111a3e44630bf9f92c775,1,CASH_OUT,151829.91,C873309260,0,C1023714065,1412484.09,0,1161088.31,White List
669111a8e44630bf9f92c776,1,CASH_OUT,26004.52,C1112456099,0,C1225616405,0,0,52251.58,White List
669111ade44630bf9f92c777,1,CASH_OUT,3146.16,C923083575,0,C1504109395,593737.38,0,9471,White List
669111b2e44630bf9f92c778,1,CASH_OUT,296752.75,C589363823,0,C1531333864,55974.56,0,404814.81,White List
669111b7e44630bf9f92c779,1,CASH_OUT,191702.06,C2052457859,0,C985934102,971418.91,0,272624.5,White List
669111bce44630bf9f92c77a,1,CASH_OUT,365510.05,C1299327689,0,C564160838,1254956.07,0,564572.76,White List
669111c1e44630bf9f92c77b,1,CASH_OUT,202332.08,C1408279755,0,C453211571,3461666.05,0,342149.2,White List
669111c6e44630bf9f92c77c,1,CASH_OUT,55105.9,C2007486296,0,C932583850,2719172.89,0,317952.89,White List
669111cbe44630bf9f92c77d,1,CASH_OUT,171508.59,C1033348658,0,C1971489295,0,0,443057.43,White List
669111d0e44630bf9f92c77e,1,CASH_OUT,178439.26,C1634723627,0,C2083562754,1186556.81,0,278846.75,White List
669111d5e44630bf9f92c77f,1,CASH_OUT,88834.86,C938463537,0,C985934102,971418.91,0,464326.57,White List
669111dae44630bf9f92c780,1,CASH_OUT,210370.09,C2121995675,0,C1170794006,22190.99,0,1442298.03,White List
669111dfe44630bf9f92c781,1,CASH_OUT,36437.06,C2120063568,0,C1740000325,1363368.51,0,154606,White List
669111e4e44630bf9f92c782,1,CASH_OUT,82691.56,C1620409359,0,C248609774,6453430.91,0,657983.89,White List
669111e9e44630bf9f92c783,1,CASH_OUT,338767.1,C691691381,0,C453211571,3461666.05,0,544481.28,White List
669111eee44630bf9f92c784,1,CASH_OUT,187728.59,C264978436,0,C1360767589,2107965.39,0,394124.51,White List
669111f3e44630bf9f92c785,1,CASH_OUT,271002.7,C500618423,0,C451111351,3940085.21,0,851368.24,White List
669111f8e44630bf9f92c786,1,CASH_OUT,323105.08,C1458091526,0,C747464370,1567434.81,0,378299.67,White List
669111fde44630bf9f92c787,1,CASH_OUT,10782.94,C768776793,0,C796533847,0,0,100585,White List
66911202e44630bf9f92c788,1,CASH_OUT,89962.11,C2018260103,0,C240650537,0,0,157012.19,White List
66911207e44630bf9f92c789,1,CASH_OUT,101940.14,C1393828949,0,C357863579,92307.65,0,105362,White List
6691120ce44630bf9f92c78a,1,CASH_OUT,163100.34,C1088417975,0,C401424608,1178808.14,0,1078534.03,White List
66911211e44630bf9f92c78b,1,CASH_OUT,136030.66,C2036775591,0,C757108857,0,0,136875.83,White List
66911216e44630bf9f92c78c,1,CASH_OUT,68912.23,C1620529408,0,C1688019098,97263.78,0,237326.8,White List
6691121be44630bf9f92c78d,1,CASH_OUT,73464.06,C307488715,0,C1789550256,4619798.56,0,444779,White List
66911220e44630bf9f92c78e,1,CASH_OUT,106117.28,C758572926,0,C476402209,51513.44,0,234216.94,White List
66911225e44630bf9f92c78f,1,CASH_OUT,503333.79,C1640612861,0,C985934102,971418.91,0,553161.42,White List
6691122ae44630bf9f92c790,1,CASH_OUT,71991.42,C990679445,0,C557041912,557537.26,0,81682.58,White List
6691122fe44630bf9f92c791,1,CASH_OUT,91379.93,C913065088,0,C401424608,1178808.14,0,1241634.38,White List
66911234e44630bf9f92c792,1,CASH_OUT,26759.05,C746280996,0,C1360767589,2107965.39,0,581853.1,White List
66911239e44630bf9f92c793,1,CASH_OUT,128487.35,C50503805,0,C747464370,1567434.81,0,701404.75,White List
6691123ee44630bf9f92c794,1,CASH_OUT,252908.87,C1557989809,0,C33524623,1517262.16,0,919763.4,White List
66911243e44630bf9f92c795,1,CASH_OUT,64489.64,C146874094,0,C1297685781,16997.22,0,398424.59,White List
66911248e44630bf9f92c796,1,CASH_OUT,171369.73,C2123222442,0,C451111351,3940085.21,0,1122370.94,White List
6691124de44630bf9f92c797,1,PAYMENT,4493.29,C1746570062,3764.71,M1555990397,0,8258,0,White List
66911252e44630bf9f92c798,1,PAYMENT,12121.5,C1544078442,84936.5,M1291367132,0,97058,0,White List
66911257e44630bf9f92c799,1,PAYMENT,2278.19,C1887699190,0,M1479140596,0,290,0,White List
6691125ce44630bf9f92c79a,1,PAYMENT,7707.44,C1108889615,92119.56,M1275028674,0,99827,0,White List
66911261e44630bf9f92c79b,1,PAYMENT,4013.02,C455888635,88106.55,M204805934,0,92119.56,0,White List
66911266e44630bf9f92c79c,1,PAYMENT,5775.15,C204322447,126553.85,M1019484860,0,132329,0,White List
6691126be44630bf9f92c79d,1,PAYMENT,4843.93,C1164365897,46874.07,M1640899500,0,51718,0,White List
66911270e44630bf9f92c79e,1,PAYMENT,2397.82,C3565780,18023.18,M473666452,0,20421,0,White List
66911275e44630bf9f92c79f,1,PAYMENT,4391.44,C1865219266,0,M2138005960,0,228,0,White List
6691127ae44630bf9f92c7a0,1,DEBIT,4497.87,C1278002745,102890.13,C510113906,5417.23,107388,19053,White List
6691127fe44630bf9f92c7a1,1,PAYMENT,7452.89,C214649627,94944.11,M67730604,0,102397,0,White List
66911284e44630bf9f92c7a2,1,PAYMENT,3930.81,C15477956,2101.19,M710623214,0,6032,0,White List
66911289e44630bf9f92c7a3,1,CASH_OUT,71532.24,C2082351661,0,C1810132623,97128.19,2101.19,74956,White List
6691128ee44630bf9f92c7a4,1,CASH_OUT,61159.51,C859690270,0,C476402209,51513.44,0,340334.22,White List
66911293e44630bf9f92c7a5,1,CASH_OUT,12401.9,C1389774257,0,C1096283470,0,0,349763,White List
66911298e44630bf9f92c7a6,1,CASH_OUT,32702.61,C553759818,0,C75457651,31469.78,0,253053,White List
6691129de44630bf9f92c7a7,1,PAYMENT,6926.67,C751021317,146000.33,M1896552614,0,152927,0,White List
669112a2e44630bf9f92c7a8,1,PAYMENT,893.57,C294658299,9782.43,M1033856359,0,10676,0,White List
669112a7e44630bf9f92c7a9,1,TRANSFER,480222.51,C201677908,0,C451111351,3940085.21,11110,1293740.67,White List
669112ace44630bf9f92c7aa,1,PAYMENT,3608.41,C635611994,7541.59,M904253669,0,11150,0,White List
669112b1e44630bf9f92c7ab,1,PAYMENT,5946.79,C1930903395,1594.8,M1431710377,0,7541.59,0,White List
669112b6e44630bf9f92c7ac,1,PAYMENT,6099.96,C1700721442,36033.04,M2116511124,0,42133,0,White List
669112bbe44630bf9f92c7ad,1,PAYMENT,372.34,C872522004,64881.66,M1348916831,0,65254,0,White List
669112c0e44630bf9f92c7ae,1,PAYMENT,4635.18,C1110698130,6309146.87,M125644421,0,6313782.05,0,White List
669112c5e44630bf9f92c7af,1,PAYMENT,1267.97,C1053632127,6307878.9,M1493158871,0,6309146.87,0,White List
669112cae44630bf9f92c7b0,1,PAYMENT,6911.99,C89509666,6300966.92,M1806880779,0,6307878.9,0,White List
669112cfe44630bf9f92c7b1,1,PAYMENT,1795.67,C1016856028,6299171.25,M446445803,0,6300966.92,0,White List
669112d4e44630bf9f92c7b2,1,PAYMENT,3199.06,C832292933,6295972.18,M1280603381,0,6299171.25,0,White List
669112d9e44630bf9f92c7b3,1,PAYMENT,10265.17,C792855998,6285707.02,M1424108509,0,6295972.18,0,White List
669112dee44630bf9f92c7b4,1,PAYMENT,9029.12,C1003755748,16450.88,M1414013111,0,25480,0,White List
669112e3e44630bf9f92c7b5,1,PAYMENT,7600.57,C1805164661,43146.43,M778162712,0,50747,0,White List
669112e8e44630bf9f92c7b6,1,PAYMENT,2057.71,C896138248,23074.29,M548482954,0,25132,0,White List
669112ede44630bf9f92c7b7,1,PAYMENT,3823.08,C243575009,6558.92,M777341499,0,10382,0,White List
669112f2e44630bf9f92c7b8,1,TRANSFER,2806,C1420196421,0,C972765878,0,2806,0,White List
669112f7e44630bf9f92c7b9,1,CASH_OUT,2806,C2101527076,0,C1007251739,0,2806,26202,White List
669112fce44630bf9f92c7ba,1,PAYMENT,6737.2,C1454026445,0,M1378497201,0,624,0,White List
66911301e44630bf9f92c7bb,1,PAYMENT,9161.98,C892931811,1966.02,M1577167234,0,11128,0,White List
66911306e44630bf9f92c7bc,1,PAYMENT,1239.06,C1574873161,395146.94,M1591916281,0,396386,0,White List
6691130be44630bf9f92c7bd,1,PAYMENT,365,C600958416,0,M1884231057,0,319,0,White List
66911310e44630bf9f92c7be,1,PAYMENT,5237.54,C1492875057,21867.46,M333793193,0,27105,0,White List
66911315e44630bf9f92c7bf,1,PAYMENT,2618.76,C1068945248,19248.7,M937277082,0,21867.46,0,White List
6691131ae44630bf9f92c7c0,1,PAYMENT,339.82,C882646447,11736.18,M234740890,0,12076,0,White List
6691131fe44630bf9f92c7c1,1,DEBIT,1393.46,C79290250,98674.54,C1076835071,318637.36,100068,26446,White List
66911324e44630bf9f92c7c2,1,PAYMENT,2731.37,C1586151649,14808.63,M179294202,0,17540,0,White List
66911329e44630bf9f92c7c3,1,PAYMENT,8364.73,C1767230265,0,M593103894,0,81,0,White List
6691132ee44630bf9f92c7c4,1,PAYMENT,6598.71,C727666004,9793.29,M1601935322,0,16392,0,White List
66911333e44630bf9f92c7c5,1,PAYMENT,4304.58,C414225167,6403.42,M1803093683,0,10708,0,White List
66911338e44630bf9f92c7c6,1,PAYMENT,2867.14,C975033189,0,M962287291,0,943,0,White List
6691133de44630bf9f92c7c7,1,PAYMENT,2946.38,C628064884,0,M109069556,0,0,0,White List
66911342e44630bf9f92c7c8,1,PAYMENT,507.12,C1389509050,86497.88,M828326869,0,87005,0,White List
66911347e44630bf9f92c7c9,1,PAYMENT,3020.86,C1761217448,47340.14,M1817789863,0,50361,0,White List
6691134ce44630bf9f92c7ca,1,PAYMENT,8948.03,C788905599,2188.97,M1678709153,0,11137,0,White List
66911351e44630bf9f92c7cb,1,CASH_OUT,280877.92,C1544614339,0,C1297685781,16997.22,2188.97,462914.23,White List
66911356e44630bf9f92c7cc,1,PAYMENT,1084.9,C2059592603,12642.1,M2016828666,0,13727,0,White List
6691135be44630bf9f92c7cd,1,PAYMENT,9456.69,C1688782916,3185.41,M1064154107,0,12642.1,0,White List
66911360e44630bf9f92c7ce,1,PAYMENT,5812.36,C1390301622,0,M415565467,0,3185.41,0,White List
66911365e44630bf9f92c7cf,1,TRANSFER,157883.07,C973936431,0,C1335050193,353532.56,46547,72793,White List
6691136ae44630bf9f92c7d0,1,PAYMENT,2734.77,C1756207614,1776.23,M1214133948,0,4511,0,White List
6691136fe44630bf9f92c7d1,1,CASH_OUT,102153.86,C2015301874,0,C1335050193,353532.56,1776.23,230676.07,White List
66911374e44630bf9f92c7d2,1,PAYMENT,584.52,C712627377,14894.48,M782228073,0,15479,0,White List
66911379e44630bf9f92c7d3,1,PAYMENT,6113.14,C399373008,9515.86,M391506011,0,15629,0,White List
6691137ee44630bf9f92c7d4,1,CASH_OUT,369989.2,C1936550492,0,C1789550256,4619798.56,9515.86,518243.06,White List
66911383e44630bf9f92c7d5,1,CASH_OUT,215338.28,C594651850,0,C75457651,31469.78,0,285755.61,White List
66911388e44630bf9f92c7d6,1,CASH_OUT,65521.42,C1532139270,0,C920011586,0,0,93337.06,White List
6691138de44630bf9f92c7d7,1,CASH_OUT,116977.58,C1677568775,0,C1740000325,1363368.51,0,191043.06,White List
66911392e44630bf9f92c7d8,1,CASH_OUT,262392.36,C2069500590,0,C2083562754,1186556.81,0,457286.01,White List
66911397e44630bf9f92c7d9,1,CASH_OUT,51121.05,C1431556341,0,C1740000325,1363368.51,0,308020.64,White List
6691139ce44630bf9f92c7da,1,CASH_OUT,202624.59,C452364286,0,C985934102,971418.91,0,1056495.21,White List
669113a1e44630bf9f92c7db,1,CASH_OUT,118235.16,C350069300,0,C1335050193,353532.56,0,332829.93,White List
669113a6e44630bf9f92c7dc,1,CASH_OUT,118056.71,C1060703587,0,C757108857,0,0,272906.49,White List
669113abe44630bf9f92c7dd,1,CASH_OUT,498960.91,C1957078537,0,C1360767589,2107965.39,0,608612.15,White List
669113b0e44630bf9f92c7de,1,CASH_OUT,691738.36,C1514214932,0,C1590550415,19169204.93,0,6285707.02,White List
669113b5e44630bf9f92c7df,1,CASH_OUT,58820.08,C594858858,0,C1360767589,2107965.39,0,1107573.06,White List
669113bae44630bf9f92c7e0,1,PAYMENT,4419.04,C1423016050,48531.96,M352776719,0,52951,0,White List
669113bfe44630bf9f92c7e1,1,PAYMENT,4270.02,C1202042637,5245.98,M1112527632,0,9516,0,White List
669113c4e44630bf9f92c7e2,1,PAYMENT,3007.83,C440736059,46897.17,M955324150,0,49905,0,White List
669113c9e44630bf9f92c7e3,1,PAYMENT,1824.59,C1384563514,23313.41,M1852661033,0,25138,0,White List
669113cee44630bf9f92c7e4,1,PAYMENT,993.46,C1548946718,18454.54,M1814423236,0,19448,0,White List
669113d3e44630bf9f92c7e5,1,CASH_OUT,302693.14,C140404585,0,C1688019098,97263.78,18454.54,306239.03,White List
669113d8e44630bf9f92c7e6,1,PAYMENT,1445.06,C207546206,9446.94,M1218519094,0,10892,0,White List
669113dde44630bf9f92c7e7,1,PAYMENT,4059.25,C200404000,126.75,M1894758168,0,4186,0,White List
669113e2e44630bf9f92c7e8,1,PAYMENT,3417.18,C191945292,0,M1242688388,0,126.75,0,White List
669113e7e44630bf9f92c7e9,1,DEBIT,3428.95,C1317375498,144369.05,C665576141,5515763.34,147798,1534657.01,White List
669113ece44630bf9f92c7ea,1,PAYMENT,5580.98,C1130346421,2200.02,M1316005672,0,7781,0,White List
669113f1e44630bf9f92c7eb,1,DEBIT,3455.85,C192428201,53.15,C401424608,1178808.14,3509,1333014.31,White List
669113f6e44630bf9f92c7ec,1,PAYMENT,7265.63,C1768882706,7242.37,M1463022229,0,14508,0,White List
669113fbe44630bf9f92c7ed,1,PAYMENT,3852.64,C472991420,1445223.63,M1455855843,0,1449076.27,0,White List
66911400e44630bf9f92c7ee,1,PAYMENT,7870.29,C1202220987,1437353.34,M256346753,0,1445223.63,0,White List
66911405e44630bf9f92c7ef,1,DEBIT,12872.92,C425015667,0,C466505482,0,11197,51885,White List
6691140ae44630bf9f92c7f0,1,PAYMENT,6675.34,C2075568954,3431.66,M2145896000,0,10107,0,White List
6691140fe44630bf9f92c7f1,1,CASH_OUT,410201.89,C1279740095,0,C1750905143,424250.45,21448,61613,White List
66911414e44630bf9f92c7f2,1,PAYMENT,13310.78,C2095677157,0,M852026681,0,0,0,White List
66911419e44630bf9f92c7f3,1,PAYMENT,664.35,C1943855334,102318.65,M94919826,0,102983,0,White List
6691141ee44630bf9f92c7f4,1,PAYMENT,2130.3,C847320212,8827.7,M1201004240,0,10958,0,White List
66911423e44630bf9f92c7f5,1,PAYMENT,7771.4,C1406848276,1056.3,M349259569,0,8827.7,0,White List
66911428e44630bf9f92c7f6,1,PAYMENT,36349.35,C785306763,0,M1204088028,0,1056.3,0,White List
6691142de44630bf9f92c7f7,1,PAYMENT,749.34,C1123236701,0,M1552221437,0,0,0,White List
66911432e44630bf9f92c7f8,1,PAYMENT,2340.34,C79161706,0,M1685407532,0,0,0,White List
66911437e44630bf9f92c7f9,1,PAYMENT,9686.85,C1057468716,0,M1272051933,0,0,0,White List
6691143ce44630bf9f92c7fa,1,PAYMENT,15785.85,C1888924788,0,M1041547629,0,0,0,White List
66911441e44630bf9f92c7fb,1,PAYMENT,9006.78,C1016633682,0,M2018220300,0,0,0,White List
66911446e44630bf9f92c7fc,1,PAYMENT,9014.95,C1027319653,0,M633079302,0,0,0,White List
6691144be44630bf9f92c7fd,1,PAYMENT,14420.66,C1561745898,0,M2033268925,0,0,0,White List
66911450e44630bf9f92c7fe,1,PAYMENT,4802.31,C424786033,0,M1545077099,0,0,0,White List
66911455e44630bf9f92c7ff,1,PAYMENT,28527.44,C867093003,0,M1135278099,0,0,0,White List
6691145ae44630bf9f92c800,1,PAYMENT,4182.93,C1470911015,0,M1268974304,0,0,0,White List
6691145fe44630bf9f92c801,1,PAYMENT,4088.21,C244872973,0,M451312813,0,0,0,White List
66911464e44630bf9f92c802,1,PAYMENT,8491.9,C795748540,0,M2081000371,0,0,0,White List
66911469e44630bf9f92c803,1,DEBIT,6666.78,C837073696,5209.22,C655381473,189534.74,11876,24777,White List
6691146ee44630bf9f92c804,1,PAYMENT,6536.86,C416201381,10782.14,M1178290888,0,17319,0,White List
66911473e44630bf9f92c805,1,CASH_OUT,40684.97,C1985938863,0,C1291286504,66575.5,10782.14,49530,White List
66911478e44630bf9f92c806,1,PAYMENT,1553.21,C1660325375,29962.79,M251664534,0,31516,0,White List
6691147de44630bf9f92c807,1,DEBIT,7344.92,C334593716,0,C485041780,0,0,185432,White List
66911482e44630bf9f92c808,1,CASH_OUT,106267.21,C487416600,0,C476800120,49864.36,0,241106.05,White List
66911487e44630bf9f92c809,1,PAYMENT,5491.5,C1271041075,31113.5,M1141500277,0,36605,0,White List
6691148ce44630bf9f92c80a,1,PAYMENT,3666.42,C1544895390,44450.58,M712410791,0,48117,0,White List
66911491e44630bf9f92c80b,1,PAYMENT,5507.18,C1971991758,30522.82,M2126723403,0,36030,0,White List
66911496e44630bf9f92c80c,1,DEBIT,4565.14,C201274566,25699.86,C747464370,1567434.81,30265,829892.09,White List
6691149be44630bf9f92c80d,1,PAYMENT,11348.71,C354605216,723550.29,M824881806,0,734899,0,White List
669114a0e44630bf9f92c80e,1,TRANSFER,123179.97,C1447353473,0,C20671747,43691.09,7215,12904.68,White List
669114a5e44630bf9f92c80f,1,PAYMENT,7073.6,C611289995,0,M663466110,0,0,0,White List
669114aae44630bf9f92c810,1,PAYMENT,2803.83,C1129433283,0,M864138492,0,0,0,White List
669114afe44630bf9f92c811,1,PAYMENT,106.81,C1810518740,0,M295180183,0,0,0,White List
669114b4e44630bf9f92c812,1,PAYMENT,6297.71,C1547883191,0,M1650113431,0,762,0,White List
669114b9e44630bf9f92c813,1,PAYMENT,2610.01,C1528769018,56087.54,M183155105,0,58697.54,0,White List
669114bee44630bf9f92c814,1,PAYMENT,5320.1,C1089930529,50767.43,M2001115307,0,56087.54,0,White List
669114c3e44630bf9f92c815,1,PAYMENT,1460.63,C1429483328,0,M172794870,0,1132,0,White List
669114c8e44630bf9f92c816,1,TRANSFER,522264.81,C1927963027,0,C1234776885,2025098.66,24,11361,White List
669114cde44630bf9f92c817,1,DEBIT,3584.21,C833240229,131911.79,C1330106945,24044.18,135496,100614.05,White List
669114d2e44630bf9f92c818,1,PAYMENT,3704.97,C1167088639,20848.03,M707531688,0,24553,0,White List
669114d7e44630bf9f92c819,1,PAYMENT,2773.61,C191568263,11558.39,M1799635803,0,14332,0,White List
669114dce44630bf9f92c81a,1,PAYMENT,3896.42,C751608431,7661.97,M1723290893,0,11558.39,0,White List
669114e1e44630bf9f92c81b,1,PAYMENT,18781.84,C893640573,0,M2085886997,0,7661.97,0,White List
669114e6e44630bf9f92c81c,1,PAYMENT,6660.33,C893523498,11049.67,M1770070706,0,17710,0,White List
669114ebe44630bf9f92c81d,1,TRANSFER,26923.42,C1108517064,0,C1983747920,95508.95,11049.67,199404.91,White List
669114f0e44630bf9f92c81e,1,TRANSFER,53783.57,C511354923,0,C1899073220,420946.86,0,75514,White List
669114f5e44630bf9f92c81f,1,TRANSFER,80333.28,C992743048,0,C1749186397,277515.05,0,321592.98,White List
669114fae44630bf9f92c820,1,TRANSFER,211075.91,C1540894701,0,C564160838,1254956.07,0,930082.81,White List
669114ffe44630bf9f92c821,1,TRANSFER,100677.86,C203149502,0,C1531333864,55974.56,0,701567.56,White List
66911504e44630bf9f92c822,1,TRANSFER,473499.51,C1198197478,0,C453211571,3461666.05,0,883248.39,White List
66911509e44630bf9f92c823,1,TRANSFER,1538200.39,C476579021,0,C1590550415,19169204.93,0,6977445.38,White List
6691150ee44630bf9f92c824,1,TRANSFER,2421578.09,C106297322,0,C1590550415,19169204.93,0,8515645.77,White List
66911513e44630bf9f92c825,1,TRANSFER,1349670.68,C1419332030,0,C665576141,5515763.34,0,1538085.96,White List
66911518e44630bf9f92c826,1,TRANSFER,314403.14,C1262110193,0,C1789550256,4619798.56,0,888232.25,White List
6691151de44630bf9f92c827,1,TRANSFER,1457213.54,C396918327,0,C1590550415,19169204.93,0,10937223.86,White List
66911522e44630bf9f92c828,1,TRANSFER,180368.84,C1055601039,0,C1359044626,16518.36,0,1437353.34,White List
66911527e44630bf9f92c829,1,TRANSFER,445038.71,C547441493,0,C1531333864,55974.56,0,802245.42,White List
6691152ce44630bf9f92c82a,1,TRANSFER,1123206.66,C967677821,0,C451111351,3940085.21,0,1773963.18,White List
66911531e44630bf9f92c82b,1,DEBIT,996,C1839206329,45136,C998351292,1015132.48,46132,88106.55,White List
66911536e44630bf9f92c82c,1,TRANSFER,176334.26,C169880779,0,C1286084959,2107778.11,45136,1251626.46,White List
6691153be44630bf9f92c82d,1,TRANSFER,161217.61,C552674617,0,C909295153,5602234.95,0,199733,White List
66911540e44630bf9f92c82e,1,TRANSFER,108443.61,C1974622245,0,C240650537,0,0,246974.3,White List
66911545e44630bf9f92c82f,1,TRANSFER,75442.68,C402808045,0,C1318822808,500631.71,0,80469,White List
6691154ae44630bf9f92c830,1,TRANSFER,55536.86,C332365138,0,C392292416,3420103.09,0,915902.37,White List
6691154fe44630bf9f92c831,1,TRANSFER,438437.09,C977160959,0,C248609774,6453430.91,0,740675.45,White List
66911554e44630bf9f92c832,1,TRANSFER,928722.69,C1563053805,0,C985934102,971418.91,0,1259119.8,White List
66911559e44630bf9f92c833,1,TRANSFER,1478772.04,C1464177809,0,C1170794006,22190.99,0,1652668.12,White List
6691155ee44630bf9f92c834,1,TRANSFER,2545478.01,C1057507014,0,C1590550415,19169204.93,0,12394437.4,White List
66911563e44630bf9f92c835,1,TRANSFER,2061082.82,C2007599722,0,C1590550415,19169204.93,0,14939915.42,White List
66911568e44630bf9f92c836,1,TRANSFER,983479.66,C2029780820,0,C1170794006,22190.99,0,3131440.16,White List
6691156de44630bf9f92c837,1,TRANSFER,635507.97,C65080774,0,C747464370,1567434.81,0,834457.23,White List
66911572e44630bf9f92c838,1,TRANSFER,848231.57,C2116179210,0,C1170794006,22190.99,0,4114919.82,White List
66911577e44630bf9f92c839,1,TRANSFER,739112.93,C1172535934,0,C564160838,1254956.07,0,1141158.73,White List
6691157ce44630bf9f92c83a,1,TRANSFER,324397.94,C1648700617,0,C932583850,2719172.89,0,373058.79,White List
66911581e44630bf9f92c83b,1,TRANSFER,982862.81,C1765900922,0,C985934102,971418.91,0,2187842.49,White List
66911586e44630bf9f92c83c,1,TRANSFER,955855,C94830685,0,C248609774,6453430.91,0,1179112.54,White List
6691158be44630bf9f92c83d,1,TRANSFER,179253.24,C1539947037,0,C1870252780,46462.23,0,179614.1,White List
66911590e44630bf9f92c83e,1,PAYMENT,5446.88,C270661321,0,M1964434661,0,666,0,White List
66911595e44630bf9f92c83f,1,PAYMENT,648.64,C1217312754,224.36,M1585571244,0,873,0,White List
6691159ae44630bf9f92c840,1,PAYMENT,8494.71,C1099552523,2634.29,M66724371,0,11129,0,White List
6691159fe44630bf9f92c841,1,CASH_OUT,373068.26,C1047934137,0,C1286084959,2107778.11,20034,1427960.73,White List
669115a4e44630bf9f92c842,1,CASH_IN,143236.26,C1862994526,143236.26,C1688019098,97263.78,0,608932.17,White List
669115a9e44630bf9f92c843,1,CASH_IN,228451.89,C1614133563,371688.15,C2083562754,1186556.81,143236.26,719678.38,White List
669115aee44630bf9f92c844,1,CASH_IN,35902.49,C839771540,407590.65,C2001112025,0,371688.15,49003.3,White List
669115b3e44630bf9f92c845,1,CASH_IN,232953.64,C1037163664,640544.28,C33524623,1517262.16,407590.65,1172672.27,White List
669115b8e44630bf9f92c846,1,CASH_IN,65912.95,C180316302,706457.23,C1330106945,24044.18,640544.28,104198.26,White List
669115bde44630bf9f92c847,1,CASH_IN,193492.68,C1200546947,899949.91,C1531333864,55974.56,706457.23,1247284.13,White List
669115c2e44630bf9f92c848,1,CASH_IN,60836.64,C443713699,960786.56,C488044861,5203.54,899949.91,143436,White List
669115c7e44630bf9f92c849,1,CASH_IN,62325.15,C695530017,1023111.71,C564160838,1254956.07,960786.56,1880271.66,White List
669115cce44630bf9f92c84a,1,CASH_IN,349640.51,C1493042329,1372752.22,C909295153,5602234.95,1023111.71,360950.61,White List
669115d1e44630bf9f92c84b,1,CASH_IN,135324.19,C1751403001,1508076.41,C453211571,3461666.05,1372752.22,1356747.89,White List
669115d6e44630bf9f92c84c,1,CASH_IN,380015.14,C1717433286,1888091.55,C401424608,1178808.14,1508076.41,1336470.16,White List
669115dbe44630bf9f92c84d,1,CASH_IN,418688.27,C1756819670,2306779.82,C401424608,1178808.14,1888091.55,956455.03,White List
669115e0e44630bf9f92c84e,1,CASH_IN,311023.52,C1078262677,2617803.34,C766572210,0,2306779.82,1477776.96,White List
669115e5e44630bf9f92c84f,1,CASH_IN,151862.38,C178604517,2769665.72,C920011586,0,2617803.34,158858.48,White List
669115eae44630bf9f92c850,1,CASH_IN,228710.05,C57624756,2998375.78,C1297685781,16997.22,2769665.72,743792.14,White List
669115efe44630bf9f92c851,1,CASH_IN,220431.09,C1543518287,3218806.87,C451111351,3940085.21,2998375.78,2897169.84,White List
669115f4e44630bf9f92c852,1,CASH_IN,182861.45,C998242313,3401668.32,C485041780,0,3218806.87,192776.92,White List
669115f9e44630bf9f92c853,1,CASH_IN,231881.5,C464872674,3633549.82,C1509514333,2415.16,3401668.32,894141.72,White List
669115fee44630bf9f92c854,1,CASH_IN,38071.17,C1659286984,3671620.98,C601893033,54985.05,3633549.82,122487,White List
66911603e44630bf9f92c855,1,CASH_IN,87117.29,C1064905627,3758738.27,C75457651,31469.78,3671620.98,501093.89,White List
66911608e44630bf9f92c856,1,CASH_IN,114271.72,C2072130509,3873009.99,C985934102,971418.91,3758738.27,3170705.3,White List
6691160de44630bf9f92c857,1,CASH_IN,73199.1,C1260440107,3946209.08,C1749186397,277515.05,3873009.99,401926.25,White List
66911612e44630bf9f92c858,1,CASH_IN,764772.98,C482307698,4710982.07,C985934102,971418.91,3946209.08,3056433.58,White List
66911617e44630bf9f92c859,1,CASH_IN,106847.36,C1793899405,4817829.42,C575335780,52415.15,4710982.07,335711.51,White List
6691161ce44630bf9f92c85a,1,CASH_IN,6287.28,C1765702,4824116.71,C1651855867,0,4817829.42,11274,White List
66911621e44630bf9f92c85b,1,CASH_IN,24936.34,C1302725372,4849053.05,C660143728,42450.71,4824116.71,104408,White List
66911626e44630bf9f92c85c,1,CASH_IN,55837.16,C713898436,4904890.21,C100555887,10963.66,4849053.05,66800.82,White List
6691162be44630bf9f92c85d,1,CASH_IN,63255.29,C632475595,4968145.5,C1100439041,0,4904890.21,237735.3,White List
66911630e44630bf9f92c85e,1,CASH_IN,104605.78,C1920305914,5072751.28,C357863579,92307.65,4968145.5,207302.14,White List
66911635e44630bf9f92c85f,1,CASH_IN,154160.82,C263833514,5226912.1,C503195940,0,5072751.28,157376,White List
6691163ae44630bf9f92c860,1,CASH_IN,257348.03,C1278839936,5484260.13,C985934102,971418.91,5226912.1,2291660.6,White List
6691163fe44630bf9f92c861,1,CASH_IN,201073.81,C2143739483,5685333.94,C401424608,1178808.14,5484260.13,537766.76,White List
66911644e44630bf9f92c862,1,CASH_IN,53560.68,C565881091,5738894.62,C1761291320,22233.65,5685333.94,172857.68,White List
66911649e44630bf9f92c863,1,CASH_IN,334234.39,C1618984457,6073129.01,C1870252780,46462.23,5738894.62,358867.35,White List
6691164ee44630bf9f92c864,1,CASH_IN,227335.16,C1621254922,6300464.17,C564160838,1254956.07,6073129.01,1817946.5,White List
66911653e44630bf9f92c865,1,CASH_IN,134426.08,C702500163,6434890.26,C575335780,52415.15,6300464.17,228864.16,White List
66911658e44630bf9f92c866,1,CASH_IN,2643.45,C1574509514,6437533.71,C215145189,1891.79,6434890.26,49974,White List
6691165de44630bf9f92c867,1,CASH_IN,134977.11,C1087072654,6572510.82,C1750905143,424250.45,6437533.71,471814.89,White List
66911662e44630bf9f92c868,1,CASH_IN,25090.03,C864221358,6597600.85,C1282788025,0,6572510.82,80148.6,White List
66911667e44630bf9f92c869,1,CASH_IN,147388.67,C1617174216,6744989.53,C824009085,64106.18,6597600.85,184486.01,White List
6691166ce44630bf9f92c86a,1,CASH_IN,217615.09,C1979080261,6962604.61,C392292416,3420103.09,6744989.53,971439.24,White List
66911671e44630bf9f92c86b,1,CASH_IN,355294.5,C1860886124,7317899.11,C747464370,1567434.81,6962604.61,1469965.2,White List
66911676e44630bf9f92c86c,1,CASH_IN,12336.48,C1250499735,7330235.59,C990398217,83845.22,7317899.11,21024,White List
6691167be44630bf9f92c86d,1,CASH_IN,349505.89,C173791568,7679741.48,C1590550415,19169204.93,7330235.59,17000998.23,White List
66911680e44630bf9f92c86e,1,CASH_IN,285185.34,C1293462056,7964926.82,C1335050193,353532.56,7679741.48,451065.09,White List
66911685e44630bf9f92c86f,1,CASH_IN,132953.45,C1966670937,8097880.27,C1359044626,16518.36,7964926.82,1617722.17,White List
6691168ae44630bf9f92c870,1,CASH_IN,214851.41,C2002174925,8312731.68,C33524623,1517262.16,8097880.27,939718.63,White List
6691168fe44630bf9f92c871,1,CASH_IN,54988.56,C588449070,8367720.25,C11003494,10588885.27,8312731.68,60870,White List
66911694e44630bf9f92c872,1,CASH_IN,62871.06,C735228558,8430591.3,C716157500,4894.45,8367720.25,177707.91,White List
66911699e44630bf9f92c873,1,CASH_IN,61150.85,C376725601,8491742.16,C1360767589,2107965.39,8430591.3,1166393.13,White List
6691169ee44630bf9f92c874,1,CASH_IN,131409.27,C1476235721,8623151.43,C1068824137,265092.36,8491742.16,290276.03,White List
669116a3e44630bf9f92c875,1,CASH_IN,10844.33,C1828508781,8633995.76,C2083117811,290772.6,8623151.43,42274,White List
669116a8e44630bf9f92c876,1,PAYMENT,2054.84,C1376017854,20140.16,M1732663543,0,22195,0,White List
669116ade44630bf9f92c877,1,CASH_IN,313373.56,C1552870927,333513.72,C985934102,971418.91,20140.16,2034312.57,White List
669116b2e44630bf9f92c878,1,CASH_IN,13289.87,C1448805967,346803.59,C1225616405,0,333513.72,78256.1,White List
669116b7e44630bf9f92c879,1,CASH_IN,27070.11,C641882263,373873.7,C1568059495,122750.49,346803.59,70595,White List
669116bce44630bf9f92c87a,1,CASH_IN,127954.7,C1930837320,501828.4,C564160838,1254956.07,373873.7,1590611.34,White List
669116c1e44630bf9f92c87b,1,CASH_IN,197031.04,C1489193907,698859.44,C1297685781,16997.22,501828.4,515082.09,White List
669116c6e44630bf9f92c87c,1,CASH_IN,144366.64,C1453606810,843226.08,C985934102,971418.91,698859.44,1720939.01,White List
669116cbe44630bf9f92c87d,1,CASH_IN,7965.49,C1645624121,851191.57,C195600860,40348.79,843226.08,35100.09,White List
669116d0e44630bf9f92c87e,1,CASH_IN,123103.74,C547923534,974295.31,C736709391,46820.71,851191.57,541942.24,White List
669116d5e44630bf9f92c87f,1,CASH_IN,106634.77,C1660223291,1080930.07,C1170794006,22190.99,974295.31,4963151.39,White List
669116dae44630bf9f92c880,1,CASH_IN,74933.22,C379124840,1155863.3,C1023714065,1412484.09,1080930.07,1312918.22,White List
669116dfe44630bf9f92c881,1,CASH_IN,120234.99,C1157943921,1276098.29,C977993101,965870.05,1155863.3,194026.33,White List
669116e4e44630bf9f92c882,1,CASH_IN,5763.99,C544966217,1281862.28,C1870252780,46462.23,1276098.29,24632.95,White List
669116e9e44630bf9f92c883,1,CASH_IN,156922.36,C1706272858,1438784.65,C665576141,5515763.34,1281862.28,2887756.64,White List
669116eee44630bf9f92c884,1,CASH_IN,162665.98,C882471736,1601450.63,C1096283470,0,1438784.65,362164.9,White List
669116f3e44630bf9f92c885,1,CASH_IN,110226.34,C1475192960,1601450.63,C1816757085,10681238.79,1601450.63,1601450.63,White List
669116f8e44630bf9f92c886,1,CASH_IN,142577.44,C727197178,1744028.07,C1100439041,0,1601450.63,174480.01,White List
669116fde44630bf9f92c887,1,CASH_IN,6915.38,C1406253491,1750943.45,C85777802,0,1744028.07,49685,White List
66911702e44630bf9f92c888,1,CASH_IN,157108.01,C749604930,1908051.46,C985934102,971418.91,1750943.45,1576572.37,White List
66911707e44630bf9f92c889,1,CASH_IN,223555.14,C373097727,2131606.6,C564160838,1254956.07,1908051.46,1462656.64,White List
6691170ce44630bf9f92c88a,1,CASH_IN,146331.12,C2082509879,2277937.72,C1531333864,55974.56,2131606.6,1053791.45,White List
66911711e44630bf9f92c88b,1,CASH_IN,141131.23,C576894497,2419068.96,C985934102,971418.91,2277937.72,1419464.36,White List
66911716e44630bf9f92c88c,1,CASH_IN,222711.47,C2123533871,2641780.43,C1590550415,19169204.93,2419068.96,16651492.34,White List
6691171be44630bf9f92c88d,1,CASH_IN,84980.31,C16148478,2726760.74,C1335050193,353532.56,2641780.43,165879.75,White List
66911720e44630bf9f92c88e,1,CASH_IN,628719.07,C2022689531,3355479.81,C1359044626,16518.36,2726760.74,1484768.73,White List
66911725e44630bf9f92c88f,1,CASH_IN,79285.8,C1340848245,3434765.61,C1170794006,22190.99,3355479.81,4856516.62,White List
6691172ae44630bf9f92c890,1,CASH_IN,57809.81,C635610193,3492575.42,C1454031203,0,3434765.61,59666,White List
6691172fe44630bf9f92c891,1,CASH_IN,75043.17,C379121284,3567618.59,C1511785794,0,3492575.42,156547,White List
66911734e44630bf9f92c892,1,CASH_IN,248196.92,C281421502,3815815.51,C1297685781,16997.22,3567618.59,318051.05,White List
66911739e44630bf9f92c893,1,CASH_IN,18851.44,C50072771,3834666.95,C215145189,1891.79,3815815.51,47330.55,White List
6691173ee44630bf9f92c894,1,CASH_IN,403418.39,C848097505,4238085.34,C1286084959,2107778.11,3834666.95,1801028.99,White List
66911743e44630bf9f92c895,1,CASH_IN,235564.81,C1672598778,4473650.15,C451111351,3940085.21,4238085.34,2676738.75,White List
66911748e44630bf9f92c896,1,CASH_IN,32325.24,C1122233828,4505975.39,C1068824137,265092.36,4473650.15,158866.76,White List
6691174de44630bf9f92c897,1,CASH_IN,345347.7,C538667887,4851323.08,C240650537,0,4505975.39,355417.92,White List
66911752e44630bf9f92c898,1,CASH_IN,355500.25,C1967496309,5206823.33,C766572210,0,4851323.08,1166753.44,White List
66911757e44630bf9f92c899,1,CASH_IN,103005.78,C406749219,5309829.12,C716157500,4894.45,5206823.33,114836.85,White List
6691175ce44630bf9f92c89a,1,CASH_IN,108803.98,C1173340685,5418633.09,C766572210,0,5309829.12,811253.19,White List
66911761e44630bf9f92c89b,1,CASH_IN,259753.27,C1045731788,5678386.36,C1209271652,0,5418633.09,260112.48,White List
66911766e44630bf9f92c89c,1,CASH_IN,234094.24,C1739267143,5912480.6,C985934102,971418.91,5678386.36,1278333.12,White List
6691176be44630bf9f92c89d,1,CASH_IN,273305.73,C192456457,6185786.33,C1023714065,1412484.09,5912480.6,1237985,White List
66911770e44630bf9f92c89e,1,CASH_IN,186838.95,C817689537,6372625.28,C736709391,46820.71,6185786.33,418838.5,White List
66911775e44630bf9f92c89f,1,CASH_IN,193161.04,C708613859,6565786.32,C451111351,3940085.21,6372625.28,2441173.94,White List
6691177ae44630bf9f92c8a0,1,CASH_IN,152823.85,C365625031,6718610.17,C1789550256,4619798.56,6565786.32,1202635.39,White List
6691177fe44630bf9f92c8a1,1,CASH_IN,91457.82,C1531200408,6810067.99,C1509514333,2415.16,6718610.17,662260.23,White List
66911784e44630bf9f92c8a2,1,CASH_IN,277807.48,C212963786,7087875.47,C1531333864,55974.56,6810067.99,907460.33,White List
6691178ae44630bf9f92c8a3,1,CASH_IN,8679.13,C1123321137,7096554.61,C575335780,52415.15,7087875.47,94438.08,White List
6691178fe44630bf9f92c8a4,1,CASH_IN,2099.59,C685934,7098654.2,C1854778591,0,7096554.61,40471.79,White List
66911794e44630bf9f92c8a5,1,CASH_IN,221693.08,C2032909428,7320347.28,C1531333864,55974.56,7098654.2,629652.85,White List
66911799e44630bf9f92c8a6,1,CASH_IN,206097.65,C2031377754,7526444.93,C564160838,1254956.07,7320347.28,1239101.5,White List
6691179ee44630bf9f92c8a7,1,CASH_IN,22384.21,C523211332,7548829.13,C459857341,387263.02,7526444.93,42211,White List
669117a3e44630bf9f92c8a8,1,CASH_IN,73210.99,C1280124872,7622040.12,C1435804085,96.88,7548829.13,79582.64,White List
669117a8e44630bf9f92c8a9,1,CASH_IN,236747.6,C1747053097,7858787.73,C757108857,0,7622040.12,390963.21,White List
669117ade44630bf9f92c8aa,1,CASH_IN,6284.18,C864326906,7865071.9,C1749186397,277515.05,7858787.73,328727.16,White List
669117b2e44630bf9f92c8ab,1,CASH_IN,100198.77,C1348115836,7965270.68,C1750905143,424250.45,7865071.9,336837.78,White List
669117b7e44630bf9f92c8ac,1,CASH_IN,160347.32,C1972143064,8125617.99,C33524623,1517262.16,7965270.68,724867.22,White List
669117bce44630bf9f92c8ad,1,CASH_IN,289272.75,C312168418,8414890.75,C75457651,31469.78,8125617.99,413976.6,White List
669117c1e44630bf9f92c8ae,1,CASH_IN,63189.26,C95369743,8478080,C1860513229,0,8414890.75,101925,White List
669117c6e44630bf9f92c8af,1,CASH_IN,196725.32,C26928827,8674805.32,C451111351,3940085.21,8478080,2248012.9,White List
669117cbe44630bf9f92c8b0,1,PAYMENT,5882.32,C278476563,4369.68,M1479909053,0,10252,0,White List
669117d0e44630bf9f92c8b1,1,DEBIT,625.92,C615954678,29539.08,C811587677,0,30165,1042,White List
669117d5e44630bf9f92c8b2,1,PAYMENT,5937.72,C1926180325,15841.28,M733461760,0,21779,0,White List
669117dae44630bf9f92c8b3,1,PAYMENT,9796.29,C1594039997,264861.71,M1323531427,0,274658,0,White List
